Fund Name,P1,P2,P3,P4,P5,Topsis Score,Rank
M1,0.68,0.46,6.0,68.1,18.81,0.42901300210893795,7
M2,0.62,0.38,3.5,57.1,15.4,0.5341459707071237,2
M3,0.94,0.88,6.4,42.9,12.78,0.49914587461110155,4
M4,0.95,0.9,6.9,53.1,15.46,0.46086165524087735,6
M5,0.67,0.45,6.5,58.0,16.41,0.3987040233416499,8
M6,0.81,0.66,6.6,32.0,10.02,0.4831469346074881,5
M7,0.64,0.41,3.5,40.2,11.19,0.5617717155704367,1
M8,0.87,0.76,5.7,33.6,10.23,0.5266663648215569,3
